,0
,3662
polyester,1439
cotton,992
spandex,731
nylon,274
elastane,174
unknown,78
.,76
acrylic,74
wool,55
merino wool,54
rayon,48
cotton blend,29
recycled polyester,28
combed cotton,28
polyester/,25
lycra spandex,24
fleece,23
viscose,23
viscose made from bamboo,22
polyamide,20
nylon/,19
other fibers,19
cotton/,18
rubber,17
elastic,13
fabric:,12
lycra,11
merino wool/,10
modal,9
linen,9
recycled nylon/,9
polyester /,8
polyester+,8
cotton /,8
polyester and spandex,7
polyester blend,7
polyurethane,7
spandex.,7
polyester and,7
mesh,7
polypropylene,7
oo,7
cotton+,7
shell:,7
rayon made from bamboo,6
polyester，,6
polyester & spandex,6
wool blend,5
cotton and polyester,5
knit,5
cotton; lining:,5
other fiber,5
poly,5
),5
spandex),5
midweight(g/m,5
coolmax polyester,5
coolmax,4
polyester-blend,4
fabric,4
cotton and,4
solids:,4
modal/,4
silk,4
other,4
spandex exclusive of elastic,4
organic cotton,4
body:,4
outer:,4
climate conscious cotton,4
spandex; shell back:,4
shell face:,4
nylon (strength) |,3
pu,3
polyester (moisture-wicking) |,3
spadex,3
spandex; heathers:,3
spandex (supporting fit),3
lycra elastane,3
solids/prints:,3
polyester; granite:,3
nylon /,3
spandex/,3
spandex;,3
rayon derived from bamboo,3
elastic fiber,3
rubber &,3
runtechnology® blend of,3
recycled nylon,3
polyester.,3
cotton; heathers:,3
wool/,3
plastic,3
polyester;,3
polyester yarn dyed flannel fleece,3
polyester &,3
textile,3
lining:,3
machine washable poly/cotton blend,2
viscose. lining:,2
recycled cotton,2
material:,2
top:,2
combed cotton +,2
australian merino wool,2
wool +,2
spandex（polyurethane）,2
cotton +,2
others,2
spandex（tips: each set of these matching pjs is sold separately,2
silky satin:,2
polyester/spandex,2
nylon and,2
spandex. lightweight & soft & thermal.,2
denim,2
ultraspun polyester,2
-,2
viscose made from bamboo and,2
cotton -- please make sure to purchase from sold by us-monxiery and ships from amazon,2
monxiery have not authorized any other stores to avoid buying inferior products,2
nylon .,2
cotton;,2
elastane.,2
spandex bi-polyester,2
eco-regenerated nylon,2
spandex; lining:,2
polyester velour,2
textile synthetics,2
coral fleece,2
polyester (certified recycled),2
top,2
spandex. lightweight fabric delivers soft,2
reprocessed polyester,2
cotton twill,2
and,2
viscose derived from bamboo,2
fabric：,2
viscose+,2
olefin,2
cotton &,2
wool; lining:,2
premium soft,2
see fabric details below,2
keep good feeling in exercise.,2
but sturdy next-to-skin comfort,2
rayon made from bamboo +,2
tencel lyocell,2
spandex; mesh:,2
t-shirts,2
outshell:,2
nylon spandex,2
comfortable,2
socks,2
absorbs moisture to keep your feet fresh and dry,2
nylon &,2
copper yarn,2
check us out – love pair of thieves? we feature all our underwear,2
faux leather,2
repreve recycled polyester,2
polyester+cotton,2
natural latex rubber/,2
premium cotton,2
and loungewear there. you can get to it through the blue link above our product title.,2
polyster,1
polyester tricot,1
pima cotton,1
nylon and lycra spandex,1
spandex exclusive of decoration,1
bulk acrylic yarn,1
polyester; pant:,1
polyester; oxford gray:,1
original and authentic dr. motion branded compression socks,1
modal+,1
acrylic+,1
pure australian merino wool,1
spandex (fabric content may vary sligthly),1
polyester; other heathers:,1
ultra-soft / cotton-poly blend,1
cotton; light steel:,1
warm and cozy fabric,1
bamboo viscose,1
wicking fabric,1
fine merino wool,1
cotton /lining: full polyester,1
noble egyptian cotton,1
【light weight undershirt】men compression shirts made of stretchy fabric which provide comfy texture and hold firm around your body without being overly restrictive and preventing you from breathing.,1
polyamid,1
spandex; fleeced lining,1
elastodiene,1
elastan,1
mens dress sweater,1
cotton flannel,1
polyester fleece; pants,1
otherfibers,1
d knitted fabrics,1
ployester,1
viscose rayon,1
polyester + spandex,1
jersey,1
pairs thermal warm socks for womens mens,1
christmas pajamas for family,1
premium ring spun cotton,1
recycled elastane (lycra),1
duck:,1
polyester and cotton,1
down,1
spandex .,1
soft wool,1
drynamix recycled polyester,1
fabric: polyester+cotton+spandex,1
viscose made from bamboo;,1
spandex（do not put in the dryer）,1
for body shaping. pls refer to our size chart before purchase(not standard us size),1
please note that this is not a regular t-shirt but a tight(slim) fit compression shirt,1
comfortable breathable soft fabric,1
shell: denim cotton/ lining: polyester/ machine washable,1
combed cotton /,1
cottonpoly blend,1
polyester(upf+/quick dry),1
viscose/.,1
soft ring spun cotton blend of,1
bottom is viscose.,1
polyester and .,1
top is,1
blend,1
regenerative cotton,1
highly reflective fabric,1
easy to wash and keep the shape.,1
viscose. soft and comfortable,1
[easy care] machine wash cold! don't bleach! hung dry!,1
rubber/,1
velvet,1
post-consumer recycled polyester ripstop,1
shell & lining:,1
polyester (sorona),1
polyester; silver gray:,1
filling:,1
each set of this pajamas is sold separately!,1
cotton.,1
gsm,1
synthetic,1
lightweight mens underwear,1
the mix of spandex and polyester makes the fabric soft and smooth,1
micro polyester/,1
cotton blends,1
nylon and spandex,1
sorbtek polyester,1
cotton outer with fleece lining,1
spandex(lycra),1
baby alpaca fiber,1
spandex and,1
recycled acrylic fibers,1
baby alpaca yarn,1
french terry fleece,1
knitted,1
elastane; the rayon made from bamboo fiber has an extremely soft touch,1
fabric: polyester,1
/ ringspun cotton/polyester fleece blend,1
elastane gsm,1
polyester fabric + sherpa lining soft and comfortable,1
cotton & spandex,1
artificial cotton,1
microfiber/modal,1
polyester and water-resistant,1
spandex.preshrunk cotton shirt.,1
elastane interlock,1
cotton&polyester,1
/ spandex,1
soft and breathable fabric provides the comfort and support you need during your workouts.,1
blend materials,1
polyester. this button front knitted cardigan does not just provide exceptional comfort but also keep you warm in cold weather.,1
cotton/polyester/spandex,1
fabrics are soft and stretchy,1
nylon;,1
high quality fabric -,1
polyester outer/fleece lining,1
polyester; silver:,1
fabric: lightweight and comfortable,1
polyester; oxford:,1
polyester -,1
acrylic/,1
spandex(super soft and warm fabrics),1
long stapled cotton,1
high quality nylon spandex blend,1
zipper closure,1
spandex fabric,1
soft polyester,1
comprising,1
elastance grip soccer socks,1
spandex middle:,1
spandex back:,1
ring-spun cotton,1
breathable membrane sandwiched,1
spandex; tagless and soft to the touch.,1
material：,1
flax,1
cotton/polyester,1
polyester cotton,1
made of .,1
performance,1
hooded pullover sweatshirt,1
spandex. fit us men's shoe size -.,1
comfort material: high quality,1
polyester flannel; sleeve: cotton quilted,1
material -- shell:,1
spandex. no pilling,1
faux fur,1
nylon; inner:,1
cotton lycra,1
/ nylon,1
viscose.,1
/ lycra,1
polyester & cotton,1
warriorfit moisture wicking fabric,1
spandex ; liner:,1
fr polyester,1
poly-cotton,1
polyester +,1
drynamix® recycled polyester,1
acrylic /,1
polyester. machine wash,1
co-single jersey-silicon finish / enzyme finish,1
satin,1
stretch nylon,1
woven fiber,1
cotton linen pants,1
flannel cotton,1
cotton&poly,1
sweat-absorbent,1
elastance,1
polyester; padded lining,1
pure combed cotton,1
percent nylon,1
satin silky fabric:,1
black: cotton,1
percent spandex,1
percent polyester,1
percent wool,1
high-density water-resistant windproof polyester,1
polyester/nylon/spandex,1
spandex grey & white: cotton,1
superior,1
keeping your feet cool and fresh all day.,1
lightweight,1
spandex. softly smooth and gently breathable,1
silky polyester +,1
【soft & gentle care】,1
alpaca,1
polyester/ machine washable,1
biconstituent fiber,1
wear and stain resistant cotton,1
plush,1
men's nightshirt: polyester cotton,1
natural mulberry silk protein fiber thermal underwear sets,1
sherpa-velour,1
metal fibers,1
jersey spandex,1
not rough soft material for the finest fit,1
nylon +,1
poleyster,1
mixed material,1
elastane flannel,1
this velvet sport coat is sure to impress and inspire confidence.,1
and upscale events,1
parties,1
designed to exude a sense of affluence and sophistication. perfect for a variety of occasions such as weddings,1
experience unparalleled luxury with our high-quality velvet blazer,1
the rayon made from bamboo fiber has an extremely soft touch,1
elastane for the finest fit and comfort,1
rayon made from bamboo fiber +,1
lycra®,1
cotton│,1
polyester│,1
coolmax® polyester│,1
inner layer -,1
aquasealz membrane,1
middle layer -,1
outer layer -,1
polyester. polartec classic,1
warriorfit tech fabric,1
polyester; lining:,1
cotton poly,1
soft material for the finest fit;,1
viscose from bamboo,1
coolamx,1
track suits for men set is made from,1
spandex; liner:,1
trunks:,1
ringspun cotton,1
lenzing modal,1
please look out for “men” and “women”）,1
lace,1
polyester(,1
pairs fuzzy socks for womens mens,1
cotton(,1
rayon from bamboo,1
spandex jersey; mesh inside pouch and gusset:,1
premium peruvian baby alpaca fiber,1
polyester; inner shell:,1
outer shell:,1
ployster(,1
nylon(,1
acrylic(,1
elastane; liner:,1
polyamide +,1
soft knit fabric,1
jersey:,1
spandex; overlay:,1
sherpa,1
elastane conventional spandex,1
anti-pilling acrylic nylon,1
merino wool |,1
polyester |,1
runtechnology® blend of merino wool and polyester yarn blend |,1
waterproof & lightweight,1
lyocell,1
spandex (quick dry&upf+ ),1
poly/,1
lining :,1
shorts :,1
tri blend,1
elastane. materials meet the standard by oeko-tex.,1
premium quality organic cotton,1
knitted fabric.,1
micromodal,1
spandex lining:,1
spandex rib:,1
viscose for bamboo,1
high quality solid polyester suit,1
business-suit-sets,1
mens slim fit piece suit set,1
spandex) heavyweight(g/m,1
elastane twill,1
【soft comfy material】:,1
polyester fibre,1
garment:,1
regenerated,1
yoicy wool socks even would will keep your toes warm in deep winter.,1
extra thick as picture.super soft&comfortable,1
spandex+,1
wool+,1
yoicy mens thick wool socks made of,1
fine cotton,1
ringspun,1
cotton^jersey,1
polyester blend /,1
viscose made from bamboo /,1
polyamide blend,1
polyester fleece lining,1
please look out for “men”and“women”),1
spandex (tips: each set of these matching pjs is sold separately,1
soft modal:,1
polyester/spandex blend,1
mens knitted sock,1
pouch;,1
tagless mens underwear and gentle against your skin; comfortable to wear all day long clothing,1
spandex; skin-friendly bamboo viscose fabric; breathable and moisture-wicking; cool,1
wool belend,1
merino wool /,1
acrylic & polyester blend,1
polyester; oxford grey:,1
cotton. machine wash,1
aplaca wool,1
face:,1
spandex brushed with micro elastic,1
recycle polyester,1
pajamas christmas family,1
polyester（mesh lining）.,1
inner,1
out shell,1
wool/polyester,1
spandex / dri-fit,1
feel soft and comfortable,1
imported,1
spandex hacci jersey,1
lycra® elastane,1
christmas pajamas,1
medium size fit for us men'ssock size - / shoe size -,1
nylon; lining:,1
shell fabric:,1
microfiber,1
cotton . lining:,1
polybutylene terephthalate,1
spandex. velvet fabric create a stylish and lustrous look. gives a unique sense of dignity.,1
cotton jersey,1
-piece suit for men.the suits will be comfortable,1
breathable,1
polyester ;,1
and silky smooth feel. these boxer briefs are designed for all-day comfort.,1
soothing,1
and provides a dry,1
moisture-wicking,1
irritation-free experience. the bamboo viscose fabric is breathable,1
these boxer briefs offer a skin-friendly,1
soft and comfortable material:,1
cotton，polyester and spandex,1
pvc,1
copper fiber,1
nylon ;,1
softer,1
wool blends,1
cotton / us kids pjs,1
micro modal;,1
hight quality cotton material,1
cotton+linen,1
leather,1
"please look out for ""men"" ""women""）",1
combed cotton .,1
easier to wash and keep the shape.,1
smoother,1
luxurious fabric: this mens velvet blazer is made from,1
elastine,1
spandex. fits us men's shoe size -. each pack includes pairs of socks.,1
polyester mens flannel pants,1
elastane socks soccer,1
thick fleece lined,1
polyester mens&womens casual socks,1
full polyester,1
medium stonewash,1
anti-pilling fibers,1
polyerster lining: sherpa fleece,1
polyester bonded fleece,1
polyester yarn dyed flannel & fleece,1
waterproof & breathable,1
material-,1
note: please only recognize ships from amazon & sold by cooplus,1
soft padding and brushed-back fleece liner.,1
matched with warm,1
wear-resistant and waterproof coated fabric,1
☞warm material--men's puffer jacket is made of machine washable high-density,1
fleece lined,1
spandex: .,1
polyester: .,1
cotton: .,1
cotton and wool,1
polyester; silver grey:,1
on the travel:,1
other offers are not certified products. made of,1
made of,1
natural mulberry silk long johns for men,1
elastic fabric,1
spandex; lining: polyester,1
polyester. all inner sherpa lined including sleeves.,1
staple,1
polyster，,1
mens knitted socks,1
shell: .,1
better cotton initiative,1
poly. pant,1
polycotton,1
ripstop cotton,1
spandex — size guide: mens ankle socks suit us men's shoe size -.,1
nylon/elastic,1
polyester fiber,1
material composition:,1
flannel,1
polyester; fly:,1
cotton + ice silk + spandex,1
viscose; lining:,1
rayon/,1
high quality soft fabric,1
high quality elastic cable knit fabric: acrylic:,1
no shrinkage and excellent color retention after wash,1
